<?xml version="1.0" encoding="UTF-8"?>
<beans xmlns:xsi="http://www.w3.org/2001/XMLSchema-instance"
       xmlns="http://www.springframework.org/schema/beans"
       xmlns:util="http://www.springframework.org/schema/util"
       xsi:schemaLocation="http://www.springframework.org/schema/beans
    http://www.springframework.org/schema/beans/spring-beans-4.0.xsd
    http://www.springframework.org/schema/util
    http://www.springframework.org/schema/util/spring-util.xsd">

    <!-- url过滤器 -->
    <bean id="urlPathMatchingFilter" class="com.byh.biyesheji.filter.URLPathMatchingFilter"/>

    <!-- 配置shiro的过滤器工厂类，id- shiroFilter要和在web.xml中配置的过滤器一致 -->
    <bean id="shiroFilter" class="org.apache.shiro.spring.web.ShiroFilterFactoryBean">
        <!-- 调用配置的权限管理器 -->
        <property name="securityManager" ref="securityManager" />
        <!-- 配置登录请求地址 -->
        <property name="loginUrl" value="/login" />
        <!-- 如果您请求的资源不再您的权限范围，则跳转到/unauthorized -->
        <property name="unauthorizedUrl" value="/unauthorized" />
        <!-- 退出 url拦截 -->
        <property name="filters">
            <util:map>
                <entry key="logout" value-ref="logoutFilter" />
                <entry key="url" value-ref="urlPathMatchingFilter" />
            </util:map>
        </property>
        <!-- 权限配置 -->
        <property name="filterChainDefinitions">
            <value>
                <!-- anon表示此地址不需要任何权限即可访问 -->
                /fore/**=anon
                /islogout=logout
                /login=anon
                /static/**=anon
                /css/**=anon
                /js/**=anon
                /assets/**=anon
                /lib/**=anon
                /images/**=anon
                <!--所有的请求(除去配置的静态资源请求或请求地址为anon的请求)都要通过过滤器url -->
                /** = url
            </value>
        </property>
    </bean>
    <!-- 退出过滤器 -->
    <bean id="logoutFilter" class="org.apache.shiro.web.filter.authc.LogoutFilter">
        <property name="redirectUrl" value="/login" />
    </bean>

    <!-- 会话验证调度器，每30分钟执行一次验证 ，设定会话超时及保存 -->
    <bean name="sessionValidationScheduler"
          class="org.apache.shiro.session.mgt.ExecutorServiceSessionValidationScheduler">
        <property name="interval" value="1800000" />
        <property name="sessionManager" ref="sessionManager" />
    </bean>
    <!-- 会话管理器 -->
    <bean id="sessionManager" class="org.apache.shiro.web.session.mgt.DefaultWebSessionManager">
        <!-- 全局会话超时时间（单位毫秒），默认30分钟 -->
        <property name="globalSessionTimeout" value="1800000" />
        <property name="deleteInvalidSessions" value="true" />
        <property name="sessionValidationSchedulerEnabled" value="true" />
        <property name="sessionValidationScheduler" ref="sessionValidationScheduler" />
        <property name="sessionDAO" ref="sessionDAO" />
        <property name="sessionIdCookieEnabled" value="true" />
        <property name="sessionIdCookie" ref="sessionIdCookie" />
    </bean>
    <!-- 会话DAO -->
    <bean id="sessionDAO" class="org.apache.shiro.session.mgt.eis.EnterpriseCacheSessionDAO">
        <property name="sessionIdGenerator" ref="sessionIdGenerator" />
    </bean>
    <!-- 会话ID生成器 -->
    <bean id="sessionIdGenerator" class="org.apache.shiro.session.mgt.eis.JavaUuidSessionIdGenerator" />
    <!-- 会话Cookie模板 关闭浏览器立即失效 -->
    <bean id="sessionIdCookie" class="org.apache.shiro.web.servlet.SimpleCookie">
        <constructor-arg value="sid" />
        <property name="httpOnly" value="true" />
        <property name="maxAge" value="-1" />
    </bean>

    <!-- 相当于调用SecurityUtils.setSecurityManager(securityManager) -->
    <bean class="org.springframework.beans.factory.config.MethodInvokingFactoryBean">
        <property name="staticMethod" value="org.apache.shiro.SecurityUtils.setSecurityManager" />
        <property name="arguments" ref="securityManager" />
    </bean>
    <!-- 安全管理器 -->
    <bean id="securityManager" class="org.apache.shiro.web.mgt.DefaultWebSecurityManager">
       <!-- <property name="realm" ref="databaseRealm" />-->
        <!-- 配置多个Realm -->
        <property name="realms">
            <list>
                <ref bean="admindatabaseRealm" />
            </list>
        </property>
        <property name="sessionManager" ref="sessionManager" />
    </bean>
    <!-- realm -->
    <bean id="admindatabaseRealm" class="com.byh.biyesheji.realm.AdminDatabaseRealm">
        <property name="credentialsMatcher" ref="credentialsMatcher"/>
    </bean>
    <!-- 密码匹配器 -->
    <bean id="credentialsMatcher" class="org.apache.shiro.authc.credential.HashedCredentialsMatcher">
        <property name="hashAlgorithmName" value="md5"/>
        <property name="hashIterations" value="2"/>
        <property name="storedCredentialsHexEncoded" value="true"/>
    </bean>
    <!-- 保证实现了Shiro内部lifecycle函数的bean执行 -->
    <bean id="lifecycleBeanPostProcessor" class="org.apache.shiro.spring.LifecycleBeanPostProcessor" />
</beans>