<?xml version="1.0" encoding="UTF-8"?>
<!DOCTYPE generatorConfiguration
        PUBLIC "-//mybatis.org//DTD MyBatis Generator Configuration 1.0//EN"
        "http://mybatis.org/dtd/mybatis-generator-config_1_0.dtd">
<generatorConfiguration>

    <!-- 当前电脑的数据库驱动程序jar包的全路径 -->
    <classPathEntry location="D:\Program Files\maven\maven-repository\mysql\mysql-connector-java\5.1.6\mysql-connector-java-5.1.6.jar"/>

    <context id="context" targetRuntime="MyBatis3">
        <!--是否在代码中显示注释-->
        <commentGenerator>
            <property name="suppressDate" value="true" />
            <property name="suppressAllComments" value="true" />
        </commentGenerator>

        <!--数据库链接地址账号密码-->
        <jdbcConnection driverClass="com.mysql.jdbc.Driver" connectionURL="jdbc:mysql://localhost/biyesheji?characterEncoding=utf-8" userId="root" password="123456">
        </jdbcConnection>
        <!--...-->
        <javaTypeResolver>
            <property name="forceBigDecimals" value="false"/>
        </javaTypeResolver>
        <!--生成pojo类存放位置
          targetPackage表明要生成的文件要存放的文件夹
          targetProject表明具体路径
          比如我这里连起来就是：D:\spring\shiroTest\src\main\java下的com.byh.shiro.pojo文件夹保存生成的pojo文件
          下面生成xml和mapper同理
        -->
        <javaModelGenerator targetPackage="com.byh.biyesheji.pojo" targetProject="E:\biyesheji\src\main\java">
            <property name="enableSubPackages" value="true"/>
            <property name="trimStrings" value="true"/>
        </javaModelGenerator>
        <!--生成xml映射文件存放位置-->
        <sqlMapGenerator targetPackage="mapper" targetProject="E:\biyesheji\src\main\resources">
            <property name="enableSubPackages" value="true"/>
        </sqlMapGenerator>
        <!--生成mapper类存放位置-->
        <javaClientGenerator type="XMLMAPPER" targetPackage="com.byh.biyesheji.dao" targetProject="E:\biyesheji\src\main\java">
            <property name="enableSubPackages" value="true"/>
        </javaClientGenerator>

        <!--&lt;!&ndash;生成对应表及类名&ndash;&gt;-->
        <table tableName="user" domainObjectName="User" enableCountByExample="false" enableUpdateByExample="false" enableDeleteByExample="false" enableSelectByExample="true" selectByExampleQueryId="false">
            <property name="my.isgen.usekeys" value="true"/>
            <property name="useActualColumnNames" value="true"/>
            <generatedKey column="id" sqlStatement="JDBC"/>
        </table>
        <table tableName="role" domainObjectName="Role" enableCountByExample="false" enableUpdateByExample="false" enableDeleteByExample="false" enableSelectByExample="true" selectByExampleQueryId="false">
            <property name="my.isgen.usekeys" value="true"/>
            <property name="useActualColumnNames" value="true"/>
            <generatedKey column="id" sqlStatement="JDBC"/>
        </table>
        <table tableName="permission" domainObjectName="Permission" enableCountByExample="false" enableUpdateByExample="false" enableDeleteByExample="false" enableSelectByExample="true" selectByExampleQueryId="false">
            <property name="my.isgen.usekeys" value="true"/>
            <property name="useActualColumnNames" value="true"/>
            <generatedKey column="id" sqlStatement="JDBC"/>
        </table>
        <table tableName="user_role" domainObjectName="UserRole" enableCountByExample="false" enableUpdateByExample="false" enableDeleteByExample="false" enableSelectByExample="true" selectByExampleQueryId="false">
            <property name="my.isgen.usekeys" value="true"/>
            <property name="useActualColumnNames" value="true"/>
            <generatedKey column="id" sqlStatement="JDBC"/>
        </table>
        <table tableName="role_permission" domainObjectName="RolePermission" enableCountByExample="false" enableUpdateByExample="false" enableDeleteByExample="false" enableSelectByExample="true" selectByExampleQueryId="false">
            <property name="my.isgen.usekeys" value="true"/>
            <property name="useActualColumnNames" value="true"/>
            <generatedKey column="id" sqlStatement="JDBC"/>
        </table>
        <table tableName="category" domainObjectName="Category" enableCountByExample="false" enableUpdateByExample="false" enableDeleteByExample="false" enableSelectByExample="true" selectByExampleQueryId="false">
            <property name="my.isgen.usekeys" value="true"/>
            <property name="useActualColumnNames" value="true"/>
            <generatedKey column="id" sqlStatement="JDBC"/>
        </table>
        <table tableName="customer" domainObjectName="Customer" enableCountByExample="false" enableUpdateByExample="false" enableDeleteByExample="false" enableSelectByExample="true" selectByExampleQueryId="false">
            <property name="my.isgen.usekeys" value="true"/>
            <property name="useActualColumnNames" value="true"/>
            <generatedKey column="id" sqlStatement="JDBC"/>
        </table>
        <table tableName="order_" domainObjectName="Order" enableCountByExample="false" enableUpdateByExample="false" enableDeleteByExample="false" enableSelectByExample="true" selectByExampleQueryId="false">
            <property name="my.isgen.usekeys" value="true"/>
            <property name="useActualColumnNames" value="true"/>
            <generatedKey column="id" sqlStatement="JDBC"/>
        </table>
        <table tableName="orderitem" domainObjectName="OrderItem" enableCountByExample="false" enableUpdateByExample="false" enableDeleteByExample="false" enableSelectByExample="true" selectByExampleQueryId="false">
            <property name="my.isgen.usekeys" value="true"/>
            <property name="useActualColumnNames" value="true"/>
            <generatedKey column="id" sqlStatement="JDBC"/>
        </table>
        <table tableName="product" domainObjectName="Product" enableCountByExample="false" enableUpdateByExample="false" enableDeleteByExample="false" enableSelectByExample="true" selectByExampleQueryId="false">
            <property name="my.isgen.usekeys" value="true"/>
            <property name="useActualColumnNames" value="true"/>
            <generatedKey column="id" sqlStatement="JDBC"/>
        </table>
        <table tableName="review" domainObjectName="Review" enableCountByExample="false" enableUpdateByExample="false" enableDeleteByExample="false" enableSelectByExample="true" selectByExampleQueryId="false">
            <property name="my.isgen.usekeys" value="true"/>
            <property name="useActualColumnNames" value="true"/>
            <generatedKey column="id" sqlStatement="JDBC"/>
        </table>
        <table tableName="zixun" domainObjectName="ZiXun" enableCountByExample="false" enableUpdateByExample="false" enableDeleteByExample="false" enableSelectByExample="true" selectByExampleQueryId="false">
            <property name="my.isgen.usekeys" value="true"/>
            <property name="useActualColumnNames" value="true"/>
            <generatedKey column="id" sqlStatement="JDBC"/>
        </table>

    </context>
</generatorConfiguration>