<?xml version="1.0" encoding="UTF-8" ?>
<!DOCTYPE mapper PUBLIC "-//mybatis.org//DTD Mapper 3.0//EN" "http://mybatis.org/dtd/mybatis-3-mapper.dtd" >
<mapper namespace="com.byh.biyesheji.dao.OrderMapper" >
  <resultMap id="BaseResultMap" type="com.byh.biyesheji.pojo.Order" >
    <id column="id" property="id" jdbcType="INTEGER" />
    <result column="code" property="code" jdbcType="VARCHAR" />
    <result column="address" property="address" jdbcType="VARCHAR" />
    <result column="status" property="status" jdbcType="INTEGER" />
    <result column="cstid" property="cstid" jdbcType="INTEGER" />
  </resultMap>
  <sql id="Example_Where_Clause" >
    <where >
      <foreach collection="oredCriteria" item="criteria" separator="or" >
        <if test="criteria.valid" >
          <trim prefix="(" suffix=")" prefixOverrides="and" >
            <foreach collection="criteria.criteria" item="criterion" >
              <choose >
                <when test="criterion.noValue" >
                  and ${criterion.condition}
                </when>
                <when test="criterion.singleValue" >
                  and ${criterion.condition} #{criterion.value}
                </when>
                <when test="criterion.betweenValue" >
                  and ${criterion.condition} #{criterion.value} and #{criterion.secondValue}
                </when>
                <when test="criterion.listValue" >
                  and ${criterion.condition}
                  <foreach collection="criterion.value" item="listItem" open="(" close=")" separator="," >
                    #{listItem}
                  </foreach>
                </when>
              </choose>
            </foreach>
          </trim>
        </if>
      </foreach>
    </where>
  </sql>
  <sql id="Base_Column_List" >
    id, code, address, status, cstid
  </sql>
  <select id="selectByExample" resultMap="BaseResultMap" parameterType="com.byh.biyesheji.pojo.OrderExample" >
    select
    <if test="distinct" >
      distinct
    </if>
    'false' as QUERYID,
    <include refid="Base_Column_List" />
    from order_
    <if test="_parameter != null" >
      <include refid="Example_Where_Clause" />
    </if>
    <if test="orderByClause != null" >
      order by ${orderByClause}
    </if>
  </select>
  <select id="selectByPrimaryKey" resultMap="BaseResultMap" parameterType="java.lang.Integer" >
    select 
    <include refid="Base_Column_List" />
    from order_
    where id = #{id,jdbcType=INTEGER}
  </select>
  <delete id="deleteByPrimaryKey" parameterType="java.lang.Integer" >
    delete from order_
    where id = #{id,jdbcType=INTEGER}
  </delete>
  <insert id="insert" parameterType="com.byh.biyesheji.pojo.Order" useGeneratedKeys="true" keyProperty="id" >
    insert into order_ (code, address, status, 
      cstid)
    values (#{code,jdbcType=VARCHAR}, #{address,jdbcType=VARCHAR}, #{status,jdbcType=INTEGER}, 
      #{cstid,jdbcType=INTEGER})
  </insert>
  <insert id="insertSelective" parameterType="com.byh.biyesheji.pojo.Order" useGeneratedKeys="true" keyProperty="id" >
    insert into order_
    <trim prefix="(" suffix=")" suffixOverrides="," >
      <if test="code != null" >
        code,
      </if>
      <if test="address != null" >
        address,
      </if>
      <if test="status != null" >
        status,
      </if>
      <if test="cstid != null" >
        cstid,
      </if>
    </trim>
    <trim prefix="values (" suffix=")" suffixOverrides="," >
      <if test="code != null" >
        #{code,jdbcType=VARCHAR},
      </if>
      <if test="address != null" >
        #{address,jdbcType=VARCHAR},
      </if>
      <if test="status != null" >
        #{status,jdbcType=INTEGER},
      </if>
      <if test="cstid != null" >
        #{cstid,jdbcType=INTEGER},
      </if>
    </trim>
  </insert>
  <update id="updateByPrimaryKeySelective" parameterType="com.byh.biyesheji.pojo.Order" >
    update order_
    <set >
      <if test="code != null" >
        code = #{code,jdbcType=VARCHAR},
      </if>
      <if test="address != null" >
        address = #{address,jdbcType=VARCHAR},
      </if>
      <if test="status != null" >
        status = #{status,jdbcType=INTEGER},
      </if>
      <if test="cstid != null" >
        cstid = #{cstid,jdbcType=INTEGER},
      </if>
    </set>
    where id = #{id,jdbcType=INTEGER}
  </update>
  <update id="updateByPrimaryKey" parameterType="com.byh.biyesheji.pojo.Order" >
    update order_
    set code = #{code,jdbcType=VARCHAR},
      address = #{address,jdbcType=VARCHAR},
      status = #{status,jdbcType=INTEGER},
      cstid = #{cstid,jdbcType=INTEGER}
    where id = #{id,jdbcType=INTEGER}
  </update>
</mapper>