<?xml version="1.0" encoding="UTF-8" ?>
<!DOCTYPE mapper PUBLIC "-//mybatis.org//DTD Mapper 3.0//EN" "http://mybatis.org/dtd/mybatis-3-mapper.dtd" >
<mapper namespace="com.byh.biyesheji.dao.RolePermissionMapper" >
  <resultMap id="BaseResultMap" type="com.byh.biyesheji.pojo.RolePermission" >
    <id column="id" property="id" jdbcType="BIGINT" />
    <result column="rid" property="rid" jdbcType="BIGINT" />
    <result column="pid" property="pid" jdbcType="BIGINT" />
  </resultMap>
  <sql id="Example_Where_Clause" >
    <where >
      <foreach collection="oredCriteria" item="criteria" separator="or" >
        <if test="criteria.valid" >
          <trim prefix="(" suffix=")" prefixOverrides="and" >
            <foreach collection="criteria.criteria" item="criterion" >
              <choose >
                <when test="criterion.noValue" >
                  and ${criterion.condition}
                </when>
                <when test="criterion.singleValue" >
                  and ${criterion.condition} #{criterion.value}
                </when>
                <when test="criterion.betweenValue" >
                  and ${criterion.condition} #{criterion.value} and #{criterion.secondValue}
                </when>
                <when test="criterion.listValue" >
                  and ${criterion.condition}
                  <foreach collection="criterion.value" item="listItem" open="(" close=")" separator="," >
                    #{listItem}
                  </foreach>
                </when>
              </choose>
            </foreach>
          </trim>
        </if>
      </foreach>
    </where>
  </sql>
  <sql id="Base_Column_List" >
    id, rid, pid
  </sql>
  <select id="selectByExample" resultMap="BaseResultMap" parameterType="com.byh.biyesheji.pojo.RolePermissionExample" >
    select
    <if test="distinct" >
      distinct
    </if>
    'false' as QUERYID,
    <include refid="Base_Column_List" />
    from role_permission
    <if test="_parameter != null" >
      <include refid="Example_Where_Clause" />
    </if>
    <if test="orderByClause != null" >
      order by ${orderByClause}
    </if>
  </select>
  <select id="selectByPrimaryKey" resultMap="BaseResultMap" parameterType="java.lang.Long" >
    select 
    <include refid="Base_Column_List" />
    from role_permission
    where id = #{id,jdbcType=BIGINT}
  </select>
  <delete id="deleteByPrimaryKey" parameterType="java.lang.Long" >
    delete from role_permission
    where id = #{id,jdbcType=BIGINT}
  </delete>
  <insert id="insert" parameterType="com.byh.biyesheji.pojo.RolePermission" useGeneratedKeys="true" keyProperty="id" >
    insert into role_permission (rid, pid)
    values (#{rid,jdbcType=BIGINT}, #{pid,jdbcType=BIGINT})
  </insert>
  <insert id="insertSelective" parameterType="com.byh.biyesheji.pojo.RolePermission" useGeneratedKeys="true" keyProperty="id" >
    insert into role_permission
    <trim prefix="(" suffix=")" suffixOverrides="," >
      <if test="rid != null" >
        rid,
      </if>
      <if test="pid != null" >
        pid,
      </if>
    </trim>
    <trim prefix="values (" suffix=")" suffixOverrides="," >
      <if test="rid != null" >
        #{rid,jdbcType=BIGINT},
      </if>
      <if test="pid != null" >
        #{pid,jdbcType=BIGINT},
      </if>
    </trim>
  </insert>
  <update id="updateByPrimaryKeySelective" parameterType="com.byh.biyesheji.pojo.RolePermission" >
    update role_permission
    <set >
      <if test="rid != null" >
        rid = #{rid,jdbcType=BIGINT},
      </if>
      <if test="pid != null" >
        pid = #{pid,jdbcType=BIGINT},
      </if>
    </set>
    where id = #{id,jdbcType=BIGINT}
  </update>
  <update id="updateByPrimaryKey" parameterType="com.byh.biyesheji.pojo.RolePermission" >
    update role_permission
    set rid = #{rid,jdbcType=BIGINT},
         pid = #{pid,jdbcType=BIGINT}
    where id = #{id,jdbcType=BIGINT}
  </update>
</mapper>