<?xml version="1.0" encoding="UTF-8" ?>
<!DOCTYPE mapper PUBLIC "-//mybatis.org//DTD Mapper 3.0//EN" "http://mybatis.org/dtd/mybatis-3-mapper.dtd" >
<mapper namespace="com.byh.biyesheji.dao.UserMapper" >

  <update id="enableStatus" parameterType="java.lang.String">
     update user set status = 1 where name = #{name}
  </update>

  <update id="stopStatus" parameterType="java.lang.String">
     update user set status = 0 where name = #{name}
  </update>

  <resultMap id="BaseResultMap" type="com.byh.biyesheji.pojo.User" >
    <id column="id" property="id" jdbcType="BIGINT" />
    <result column="name" property="name" jdbcType="VARCHAR" />
    <result column="password" property="password" jdbcType="VARCHAR" />
    <result column="salt" property="salt" jdbcType="VARCHAR" />
    <result column="status" property="status" jdbcType="INTEGER" />
    <result column="address" property="address" jdbcType="VARCHAR" />
    <result column="phone" property="phone" jdbcType="VARCHAR" />
    <result column="lasttime" property="lasttime" jdbcType="TIMESTAMP" />
  </resultMap>
  <sql id="Example_Where_Clause" >
    <where >
      <foreach collection="oredCriteria" item="criteria" separator="or" >
        <if test="criteria.valid" >
          <trim prefix="(" suffix=")" prefixOverrides="and" >
            <foreach collection="criteria.criteria" item="criterion" >
              <choose >
                <when test="criterion.noValue" >
                  and ${criterion.condition}
                </when>
                <when test="criterion.singleValue" >
                  and ${criterion.condition} #{criterion.value}
                </when>
                <when test="criterion.betweenValue" >
                  and ${criterion.condition} #{criterion.value} and #{criterion.secondValue}
                </when>
                <when test="criterion.listValue" >
                  and ${criterion.condition}
                  <foreach collection="criterion.value" item="listItem" open="(" close=")" separator="," >
                    #{listItem}
                  </foreach>
                </when>
              </choose>
            </foreach>
          </trim>
        </if>
      </foreach>
    </where>
  </sql>
  <sql id="Base_Column_List" >
    id, name, password, salt, status, address, phone, lasttime
  </sql>
  <select id="selectByExample" resultMap="BaseResultMap" parameterType="com.byh.biyesheji.pojo.UserExample" >
    select
    <if test="distinct" >
      distinct
    </if>
    'false' as QUERYID,
    <include refid="Base_Column_List" />
    from user
    <if test="_parameter != null" >
      <include refid="Example_Where_Clause" />
    </if>
    <if test="orderByClause != null" >
      order by ${orderByClause}
    </if>
  </select>
  <select id="selectByPrimaryKey" resultMap="BaseResultMap" parameterType="java.lang.Long" >
    select 
    <include refid="Base_Column_List" />
    from user
    where id = #{id,jdbcType=BIGINT}
  </select>
  <delete id="deleteByPrimaryKey" parameterType="java.lang.Long" >
    delete from user
    where id = #{id,jdbcType=BIGINT}
  </delete>
  <insert id="insert" parameterType="com.byh.biyesheji.pojo.User" useGeneratedKeys="true" keyProperty="id" >
    insert into user (name, password, salt, 
      status, address, phone, 
      lasttime)
    values (#{name,jdbcType=VARCHAR}, #{password,jdbcType=VARCHAR}, #{salt,jdbcType=VARCHAR}, 
      #{status,jdbcType=INTEGER}, #{address,jdbcType=VARCHAR}, #{phone,jdbcType=VARCHAR}, 
      #{lasttime,jdbcType=TIMESTAMP})
  </insert>
  <insert id="insertSelective" parameterType="com.byh.biyesheji.pojo.User" useGeneratedKeys="true" keyProperty="id" >
    insert into user
    <trim prefix="(" suffix=")" suffixOverrides="," >
      <if test="name != null" >
        name,
      </if>
      <if test="password != null" >
        password,
      </if>
      <if test="salt != null" >
        salt,
      </if>
      <if test="status != null" >
        status,
      </if>
      <if test="address != null" >
        address,
      </if>
      <if test="phone != null" >
        phone,
      </if>
      <if test="lasttime != null" >
        lasttime,
      </if>
    </trim>
    <trim prefix="values (" suffix=")" suffixOverrides="," >
      <if test="name != null" >
        #{name,jdbcType=VARCHAR},
      </if>
      <if test="password != null" >
        #{password,jdbcType=VARCHAR},
      </if>
      <if test="salt != null" >
        #{salt,jdbcType=VARCHAR},
      </if>
      <if test="status != null" >
        #{status,jdbcType=INTEGER},
      </if>
      <if test="address != null" >
        #{address,jdbcType=VARCHAR},
      </if>
      <if test="phone != null" >
        #{phone,jdbcType=VARCHAR},
      </if>
      <if test="lasttime != null" >
        #{lasttime,jdbcType=TIMESTAMP},
      </if>
    </trim>
  </insert>
  <update id="updateByPrimaryKeySelective" parameterType="com.byh.biyesheji.pojo.User" >
    update user
    <set >
      <if test="name != null" >
        name = #{name,jdbcType=VARCHAR},
      </if>
      <if test="password != null" >
        password = #{password,jdbcType=VARCHAR},
      </if>
      <if test="salt != null" >
        salt = #{salt,jdbcType=VARCHAR},
      </if>
      <if test="status != null" >
        status = #{status,jdbcType=INTEGER},
      </if>
      <if test="address != null" >
        address = #{address,jdbcType=VARCHAR},
      </if>
      <if test="phone != null" >
        phone = #{phone,jdbcType=VARCHAR},
      </if>
      <if test="lasttime != null" >
        lasttime = #{lasttime,jdbcType=TIMESTAMP},
      </if>
    </set>
    where id = #{id,jdbcType=BIGINT}
  </update>
  <update id="updateByPrimaryKey" parameterType="com.byh.biyesheji.pojo.User" >
    update user
    set name = #{name,jdbcType=VARCHAR},
      password = #{password,jdbcType=VARCHAR},
      salt = #{salt,jdbcType=VARCHAR},
      status = #{status,jdbcType=INTEGER},
      address = #{address,jdbcType=VARCHAR},
      phone = #{phone,jdbcType=VARCHAR},
      lasttime = #{lasttime,jdbcType=TIMESTAMP}
    where id = #{id,jdbcType=BIGINT}
  </update>
</mapper>