<?xml version="1.0" encoding="UTF-8" ?>
<!DOCTYPE mapper PUBLIC "-//mybatis.org//DTD Mapper 3.0//EN" "http://mybatis.org/dtd/mybatis-3-mapper.dtd" >
<mapper namespace="com.byh.biyesheji.dao.ZiXunMapper" >

  <update id="shenhe">
    update zixun set status=1 where id = #{zid}
  </update>

  <resultMap id="BaseResultMap" type="com.byh.biyesheji.pojo.ZiXun" >
    <id column="id" property="id" jdbcType="INTEGER" />
    <result column="content" property="content" jdbcType="VARCHAR" />
    <result column="cstid" property="cstid" jdbcType="INTEGER" />
    <result column="status" property="status" jdbcType="INTEGER" />
    <result column="fabudate" property="fabudate" jdbcType="TIMESTAMP" />
  </resultMap>
  <sql id="Example_Where_Clause" >
    <where >
      <foreach collection="oredCriteria" item="criteria" separator="or" >
        <if test="criteria.valid" >
          <trim prefix="(" suffix=")" prefixOverrides="and" >
            <foreach collection="criteria.criteria" item="criterion" >
              <choose >
                <when test="criterion.noValue" >
                  and ${criterion.condition}
                </when>
                <when test="criterion.singleValue" >
                  and ${criterion.condition} #{criterion.value}
                </when>
                <when test="criterion.betweenValue" >
                  and ${criterion.condition} #{criterion.value} and #{criterion.secondValue}
                </when>
                <when test="criterion.listValue" >
                  and ${criterion.condition}
                  <foreach collection="criterion.value" item="listItem" open="(" close=")" separator="," >
                    #{listItem}
                  </foreach>
                </when>
              </choose>
            </foreach>
          </trim>
        </if>
      </foreach>
    </where>
  </sql>
  <sql id="Base_Column_List" >
    id, content, cstid, status, fabudate
  </sql>
  <select id="selectByExample" resultMap="BaseResultMap" parameterType="com.byh.biyesheji.pojo.ZiXunExample" >
    select
    <if test="distinct" >
      distinct
    </if>
    'false' as QUERYID,
    <include refid="Base_Column_List" />
    from zixun
    <if test="_parameter != null" >
      <include refid="Example_Where_Clause" />
    </if>
    <if test="orderByClause != null" >
      order by ${orderByClause}
    </if>
  </select>
  <select id="selectByPrimaryKey" resultMap="BaseResultMap" parameterType="java.lang.Integer" >
    select 
    <include refid="Base_Column_List" />
    from zixun
    where id = #{id,jdbcType=INTEGER}
  </select>
  <delete id="deleteByPrimaryKey" parameterType="java.lang.Integer" >
    delete from zixun
    where id = #{id,jdbcType=INTEGER}
  </delete>
  <insert id="insert" parameterType="com.byh.biyesheji.pojo.ZiXun" useGeneratedKeys="true" keyProperty="id" >
    insert into zixun (content, cstid, status, 
      fabudate)
    values (#{content,jdbcType=VARCHAR}, #{cstid,jdbcType=INTEGER}, #{status,jdbcType=INTEGER}, 
      #{fabudate,jdbcType=TIMESTAMP})
  </insert>
  <insert id="insertSelective" parameterType="com.byh.biyesheji.pojo.ZiXun" useGeneratedKeys="true" keyProperty="id" >
    insert into zixun
    <trim prefix="(" suffix=")" suffixOverrides="," >
      <if test="content != null" >
        content,
      </if>
      <if test="cstid != null" >
        cstid,
      </if>
      <if test="status != null" >
        status,
      </if>
      <if test="fabudate != null" >
        fabudate,
      </if>
    </trim>
    <trim prefix="values (" suffix=")" suffixOverrides="," >
      <if test="content != null" >
        #{content,jdbcType=VARCHAR},
      </if>
      <if test="cstid != null" >
        #{cstid,jdbcType=INTEGER},
      </if>
      <if test="status != null" >
        #{status,jdbcType=INTEGER},
      </if>
      <if test="fabudate != null" >
        #{fabudate,jdbcType=TIMESTAMP},
      </if>
    </trim>
  </insert>
  <update id="updateByPrimaryKeySelective" parameterType="com.byh.biyesheji.pojo.ZiXun" >
    update zixun
    <set >
      <if test="content != null" >
        content = #{content,jdbcType=VARCHAR},
      </if>
      <if test="cstid != null" >
        cstid = #{cstid,jdbcType=INTEGER},
      </if>
      <if test="status != null" >
        status = #{status,jdbcType=INTEGER},
      </if>
      <if test="fabudate != null" >
        fabudate = #{fabudate,jdbcType=TIMESTAMP},
      </if>
    </set>
    where id = #{id,jdbcType=INTEGER}
  </update>
  <update id="updateByPrimaryKey" parameterType="com.byh.biyesheji.pojo.ZiXun" >
    update zixun
    set content = #{content,jdbcType=VARCHAR},
      cstid = #{cstid,jdbcType=INTEGER},
      status = #{status,jdbcType=INTEGER},
      fabudate = #{fabudate,jdbcType=TIMESTAMP}
    where id = #{id,jdbcType=INTEGER}
  </update>
</mapper>